{"cameraMode":{"drawMode":0,"name":"Shaded","section":"Shading Mode"},"sceneLighting":false,"audioPlay":false,"sceneViewState":{"showFog":true,"showMaterialUpdate":false,"showSkybox":false,"showFlares":true,"showImageEffects":true,"showParticleSystems":true},"in2DMode":false,"pivot":{"x":0.0,"y":0.10000000149011612,"z":52.099998474121097},"rotation":{"x":0.31798458099365237,"y":0.06253490597009659,"z":-0.02092456817626953,"w":0.9458563327789307},"size":10.607072830200196,"orthographic":false}