{"cameraMode":{"drawMode":0,"name":"Shaded","section":"Shading Mode"},"sceneLighting":false,"audioPlay":false,"sceneViewState":{"showFog":true,"showMaterialUpdate":false,"showSkybox":false,"showFlares":true,"showImageEffects":true,"showParticleSystems":true},"in2DMode":false,"pivot":{"x":-198.3150177001953,"y":2.474801540374756,"z":16.8614444732666},"rotation":{"x":-0.3881032168865204,"y":0.19363394379615785,"z":-0.08407656848430634,"w":-0.8972408771514893},"size":7.909085750579834,"orthographic":false}